,Name,Rating,Address, ,Rating,Phone Number,, ,,,, ,
,Quail Animal Hospital,5,6765 Quail Hill Pkwy Irvine,, CA 92603,19493870338,,,,,,,
,South Orange County Animal Hospital,4.5,24801 Raton Dr Lake Forest,, CA 92630,19493136331,,,,,,,
,Newport Animal Hospital,4.5,21157 Newport Coast Dr Newport Coast,, CA 92657,19497068380,,,,,,,
,Niguel Animal Care Center,4.5,27821 La Paz Rd Laguna Niguel,, CA 92677,19499167387,,,,,,,
,PetPoint Medical Center & Resort,5,2505 Da Vinci Irvine,, CA 92614,19495225700,,,,,,,
,Aliso Viejo Animal Hospital,4.5,23411 Aliso Viejo Pkwy Ste A Aliso Viejo,, CA 92656,19494267700,,,,,,,
,Irvine Boulevard Animal Hospital,4.5,4840 Irvine Blvd Ste 108 Irvine,, CA 92620,17148383433,,,,,,,
,Irvine Great Park Animal Hospital,4.5,6336 Irvine Blvd Irvine,, CA 92620,19495527878,,,,,,,
,Irvine Valley Veterinary Hospital,4,14980 Sand Canyon Ave Irvine,, CA 92618,19495525200,,,,,,,
,VCA Arroyo Animal Hospital,4.5,1 S Pointe Dr Lake Forest,, CA 92630,19497701808,,,,,,,
,Healthier Pet Veterinary Care,5,2781 W MacArthur Blvd Ste G3 Santa Ana,, CA 92704,16579002263,,,,,,,
,Valley View Animal Hospital,5,7921 Valley View St La Palma,, CA 90623,15625516952,,,,,,,
,Alton Main Animal Hospital,5,3105 S Main St Santa Ana,, CA 92707,17145403105,,,,,,,
,Oso Pet Care Center,5,26852 Oso Pkwy Mission Viejo,, CA 92691,19492722233,,,,,,,
,Rancho Niguel Animal Hospital,4.5,27981 Greenfield Dr Ste B Laguna Niguel,, CA 92677,19492735010,,,,,,,
,Stonecreek Animal Hospital,4.5,4178 Barranca Pkwy Irvine,, CA 92604,19497261800,,,,,,,
,OC Veterinary Medical Center,4.5,200 S Tustin St Ste B Orange,, CA 92866,17146333323,,,,,,,
,Laguna Hills Animal Hospital,4.5,24271 El Toro Rd Laguna Hills,, CA 92637,19498377333,,,,,,,
,Back Bay Veterinary Hospital,4.5,4263 Birch St Newport Beach,, CA 92660,19497560554,,,,,,,
,Baker Ranch Animal Hospital,5,20780 Lake Forest Dr Lake Forest,, CA 92630,19496008310,,,,,,,
,Name,,, ,Rating,,, ,Address,,, ,Phone
,Quail Animal Hospital,5,6765 Quail Hill Pkwy Irvine,, CA 92603,19493870338,,,,,,,
,South Orange County Animal Hospital,4.5,24801 Raton Dr Lake Forest,, CA 92630,19493136331,,,,,,,
,Newport Animal Hospital,4.5,21157 Newport Coast Dr Newport Coast,, CA 92657,19497068380,,,,,,,
,Niguel Animal Care Center,4.5,27821 La Paz Rd Laguna Niguel,, CA 92677,19499167387,,,,,,,
,PetPoint Medical Center & Resort,5,2505 Da Vinci Irvine,, CA 92614,19495225700,,,,,,,
,Aliso Viejo Animal Hospital,4.5,23411 Aliso Viejo Pkwy Ste A Aliso Viejo,, CA 92656,19494267700,,,,,,,
,Irvine Boulevard Animal Hospital,4.5,4840 Irvine Blvd Ste 108 Irvine,, CA 92620,17148383433,,,,,,,
,Irvine Great Park Animal Hospital,4.5,6336 Irvine Blvd Irvine,, CA 92620,19495527878,,,,,,,
,Irvine Valley Veterinary Hospital,4,14980 Sand Canyon Ave Irvine,, CA 92618,19495525200,,,,,,,
,VCA Arroyo Animal Hospital,4.5,1 S Pointe Dr Lake Forest,, CA 92630,19497701808,,,,,,,
,Healthier Pet Veterinary Care,5,2781 W MacArthur Blvd Ste G3 Santa Ana,, CA 92704,16579002263,,,,,,,
,Valley View Animal Hospital,5,7921 Valley View St La Palma,, CA 90623,15625516952,,,,,,,
,Alton Main Animal Hospital,5,3105 S Main St Santa Ana,, CA 92707,17145403105,,,,,,,
,Oso Pet Care Center,5,26852 Oso Pkwy Mission Viejo,, CA 92691,19492722233,,,,,,,
,Rancho Niguel Animal Hospital,4.5,27981 Greenfield Dr Ste B Laguna Niguel,, CA 92677,19492735010,,,,,,,
,Stonecreek Animal Hospital,4.5,4178 Barranca Pkwy Irvine,, CA 92604,19497261800,,,,,,,
,OC Veterinary Medical Center,4.5,200 S Tustin St Ste B Orange,, CA 92866,17146333323,,,,,,,
,Laguna Hills Animal Hospital,4.5,24271 El Toro Rd Laguna Hills,, CA 92637,19498377333,,,,,,,
,Back Bay Veterinary Hospital,4.5,4263 Birch St Newport Beach,, CA 92660,19497560554,,,,,,,
,Baker Ranch Animal Hospital,5,20780 Lake Forest Dr Lake Forest,, CA 92630,19496008310,,,,,,,
,Name,,, ,Rating,,, ,Address,,, ,Phone
,Pet Health Animal Hospital,5,8520 W Desert Inn Rd Ste 1 Las Vegas,, NV 89117,17029104500,,,,,,,
,Southern Hills Animal Hospital,4.5,6545 S Fort Apache Rd Ste 150 Las Vegas,, NV 89148,17025861300,,,,,,,
,West Flamingo Animal Hospital,4,5445 W Flamingo Rd Las Vegas,, NV 89103,17028762111,,,,,,,
,Aloha Animal Hospital,4.5,7341 S Torrey Pines Dr Las Vegas,, NV 89139,17025675222,,,,,,,
,Boca Park Animal Hospital,4.5,1050 S Rampart Blvd Las Vegas,, NV 89145,17026757000,,,,,,,
,Sahara Animal Hospital,4.5,4301 W Sahara Ave Las Vegas,, NV 89102,17028762338,,,,,,,
,Rainbow Animal Hospital,4.5,244 S Rainbow Blvd Las Vegas,, NV 89145,17023631300,,,,,,,
,Magnolia Pet Wellness Center,4.5,120 E Bruner Ave Ste 100 Las Vegas,, NV 89183,17025706411,,,,,,,
,Cheyenne West Animal Hospital,4,3650 N. Buffalo Dr. Las Vegas,, NV 89129,17023951800,,,,,,,
,Centennial Hills Animal Hospital,4,7551 N Cimarron Rd Las Vegas,, NV 89131,17026550241,,,,,,,
,South Buffalo Springs Animal Hospital,3.5,7385 S Buffalo Dr Las Vegas,, NV 89113,17023331770,,,,,,,
,VCA Warm Springs Animal Hospital,4.5,2500 W Warm Springs Rd Las Vegas,, NV 89119,17023612500,,,,,,,
,West Russell Animal Hospital,4,9140 W Russell Rd Las Vegas,, NV 89148,17024770144,,,,,,,
,South Valley Animal Hospital,3.5,11940 Southern Highlands Pkwy Las Vegas,, NV 89141,17024515111,,,,,,,
,Red Rock Animal Hospital,4,11700 W Charleston Blvd Ste 110 Las Vegas,, NV 89135,17022542111,,,,,,,
,Town Center Animal Hospital,4,3565 S Town Center Dr Las Vegas,, NV 89135,17022621300,,,,,,,
,Green Valley Animal Hospital,4,6150 Mountain Vista St Henderson,, NV 89014,17027954440,,,,,,,
,Haven Animal Hospital,4,7775 S Rainbow Blvd Ste 160 Las Vegas,, NV 89139,17022606260,,,,,,,
,Durango Animal Hospital,3.5,3615 S Durango Dr Las Vegas,, NV 89147,17022429044,,,,,,,
,Blue Diamond Animal Hospital,3.5,8090 Blue Diamond Rd Ste 100 Las Vegas,, NV 89178,17029448440,,,,,,,
,Name,,, ,Rating,,, ,Address,,, ,Phone
,Scottsdale Animal Healthcare,4.5,18291 N Pima Rd Ste A100 Scottsdale,, AZ 85255,14805389000,,,,,,,
,All Creatures Animal Clinic,4.5,4022 East Greenway Rd Phoenix,, AZ 85032,16024935090,,,,,,,
,Phoenix Mountain Animal Hospital,5,4727 E Cactus Rd Ste 124 Phoenix,, AZ 85032,16025956116,,,,,,,
,Dynamite Creek Animal Hospital,5,28212 N Tatum Blvd Ste D1 Cave Creek,, AZ 85331,14804883002,,,,,,,
,McDowell Mountain Animal Hospital,4.5,17050 N Thompson Peak Pkwy Ste B100 Scottsdale,, AZ 85255,14805388300,,,,,,,
,Hayden Road Animal Hospital,5,814 N Hayden Rd Scottsdale,, AZ 85257,14809459466,,,,,,,
,Scottsdale Veterinary Clinic,4,7311 E Thomas R Scottsdale,, AZ 85251,14809458484,,,,,,,
,Arizona Animal Hospital,4.5,31319 N Scottsdale Rd Ste D Scottsdale,, AZ 85266,14806868083,,,,,,,
,El Dorado Animal Hospital,4.5,16765 E Parkview Ave Fountain Hills,, AZ 85268,14808370800,,,,,,,
,Adobe Animal Hospital,5,7712 E Indian School Rd Scottsdale,, AZ 85251,14809909561,,,,,,,
,Hillside Animal Hospital,5,11495 N 136th St Scottsdale,, AZ 85259,14803917297,,,,,,,
,Kierland Animal Clinic,4.5,14202 N Scottsdale Rd Scottsdale,, AZ 85254,14809481420,,,,,,,
,Pima North Animal Hospital,4.5,8864 E Pinnacle Peak Rd Ste K-1 Scottsdale,, AZ 85255,14805635432,,,,,,,
,Animal Clinic Del Rancho,4.5,11445 E Via Linda Ste 10 Scottsdale,, AZ 85259,14808609545,,,,,,,
,Horizon Animal Hospital,4,14150 N 100th St Ste 105 Scottsdale,, AZ 85260,14806149500,,,,,,,
,Scottsdale Hills Animal Hospital & Grooming,4.5,7139 E Thunderbird Rd Ste 1 Scottsdale,, AZ 85254,14809480939,,,,,,,
,Fountain Hills Veterinary Hospital,4.5,11407 N Saguaro Blvd Fountain Hills,, AZ 85268,14808379261,,,,,,,
,Desert Tails Animal Clinic,5,9619 N Hayden Rd Scottsdale,, AZ 85258,14809982010,,,,,,,
,North Ranch Animal Hospital,5,6245 E Bell Rd Scottsdale,, AZ 85254,14809488445,,,,,,,
,Angel Veterinary Services - At Home Pet Euthanasia,5,Phoenix,, AZ 85024,16028190655,,,,,,,
,Name,,, ,Rating,,, ,Address,,, ,Phone
,Midtown Veterinary Hospital,4.5,1434 W Alabama St Houston,, TX 77006,17135284900,,,,,,,
,Garden Oaks Veterinary Clinic,4.5,3408 N Shepherd Dr Houston,, TX 77018,17136590650,,,,,,,
,Lakeside Animal Clinic,4.5,2501 S Kirkwood Houston,, TX 77077,18329750572,,,,,,,
,Memorial Veterinary Clinic,4.5,1379 S Voss Rd Ste E Houston,, TX 77057,17133040525,,,,,,,
,Westheimer Animal Clinic Bellaire,4.5,7005 Mapleridge St Bellaire,, TX 77401,17136221270,,,,,,,
,Bayou City Veterinary Hospital,4,4720 Washington Ave Ste D Houston,, TX 77007,17133439909,,,,,,,
,Village Veterinary Clinic,5,8785 Gaylord Dr Houston,, TX 77024,17134687955,,,,,,,
,Gulf Coast Veterinary Specialists,3.5,8042 Katy Fwy Houston,, TX 77024,17136931111,,,,,,,
,Tanglewilde Veterinary Clinic,4.5,2717 Rockyridge Dr Houston,, TX 77063,17137834044,,,,,,,
,My Doorstep Vet,5,Houston,, TX 77007,18324165125,,,,,,,
,Clay Road Animal Clinic,5,17711 Clay Rd Ste A Houston,, TX 77084,12815502552,,,,,,,
,Richmond Avenue Animal Hospital,4,4014 Richmond Ave Houston,, TX 77027,18322037711,,,,,,,
,Jersey Village Animal Hospital,4.5,17341 Village Green Dr Houston,, TX 77040,17134668542,,,,,,,
,Fur & Feather Veterinary Hospital,4.5,311 W Gray St Ste A Houston,, TX 77019,18327010077,,,,,,,
,PetCheck Animal Clinic,4.5,9500 Westview Dr Ste 103B Houston,, TX 77055,17137382432,,,,,,,
,Woodlake Pet Hospital,4.5,9630 Westheimer Rd Ste 400 Houston,, TX 77063,17134975699,,,,,,,
,PetCare Express,4,2501 W Holcombe Blvd Ste D Houston,, TX 77030,17135929977,,,,,,,
,Washington Heights Veterinary Clinic,4,2324 Shearn St Houston,, TX 77007,17138022366,,,,,,,
,The Village Vet,5,2507 Bissonnet St Houston,, TX 77005,17135241456,,,,,,,
,Champions Forest Animal Clinic,4.5,5211 Cypress Creek Pkwy Ste Z Houston,, TX 77069,12815869910,,,,,,,
,Name,,, ,Rating,,, ,Address,,, ,Phone
,Pets First Veterinary Clinic,4.5,3413 N Broadway St Chicago,, IL 60657,17739048724,,,,,,,
,Wicker Park Veterinary Clinic,4.5,1166 N Milwaukee Ave Chicago,, IL 60642,17732279700,,,,,,,
,Village West Veterinary,4.5,840 N. Western Ave. Chicago,, IL 60622,17736977052,,,,,,,
,West Loop Veterinary Care,4.5,815 W Randolph St Chicago,, IL 60607,13124212275,,,,,,,
,South Loop Animal Hospital,4.5,1640 S Michigan Ave Chicago,, IL 60616,13127535551,,,,,,,
,Boulevard Veterinary Logan Square,4.5,2740 W Armitage Ave Ste A Chicago,, IL 60647,17733601731,,,,,,,
,Ravenswood Animal Hospital LLC,4.5,2752 W Montrose Ave Chicago,, IL 60618,17735397387,,,,,,,
,North Avenue Animal Hospital,4.5,1901 W North Ave Chicago,, IL 60622,17732781330,,,,,,,
,Your Pet's Wellness,4.5,2319 N. Damen Av Chicago,, IL 60647,17736978176,,,,,,,
,Lincoln Park Dog & Cat Clinic,4.5,2665 N Lincoln Ave Chicago,, IL 60614,17735492090,,,,,,,
,Duke Animal Hospital,4.5,3941 N Ashland Ave Chicago,, IL 60613,17736979757,,,,,,,
,Uptown Animal Hospital,4,5545 N Clark St Chicago,, IL 60640,17735610734,,,,,,,
,Family Pet Animal Hospital,4.5,1401 W Webster Ave Chicago,, IL 60614,17739352311,,,,,,,
,OZ Animal Hospital,4.5,620 W Webster Ave Chicago,, IL 60614,17733275024,,,,,,,
,Chicago Pet Clinic,4.5,3510 N Cicero Ave Chicago,, IL 60641,17732834627,,,,,,,
,Metropolitan Veterinary Center,4.5,1556 S Michigan Ave Chicago,, IL 60605,13125831921,,,,,,,
,Animal Medical Center of Chicago,4.5,1618 W Diversey Pkwy Chicago,, IL 60614,17735253353,,,,,,,
,Medical District Veterinary Clinic at Illinois,4.5,2242 W Harrison St Ste 101 Chicago,, IL 60612,13122262588,,,,,,,
,Diversey Animal Hospital,5,5540 W Diversey Ave Chicago,, IL 60639,17732830827,,,,,,,
,Animal Advocate Pet Hospital,4.5,1061 W Jackson Blvd Ste A Chicago,, IL 60607,13124711728,,,,,,,
,Name,,, ,Rating,,, ,Address,,, ,Phone
,2nd Street Animal Hospital,4.5,966 N 2nd St Philadelphia,, PA 19123,12155167000,,,,,,,
,World of Animals At Rittenhouse,4.5,408 S 20th St Philadelphia,, PA 19146,12157327321,,,,,,,
,Northern Liberties Veterinary Center,4.5,622 N 2nd St Philadelphia,, PA 19123,12159231838,,,,,,,
,The Animedic,4.5,102-104 Jamestown Ave Philadelphia,, PA 19127,12672977950,,,,,,,
,World of Animals at Mayfair,5,6503 Frankford Ave Philadelphia,, PA 19135,12156248433,,,,,,,
,Fishtown Animal Hospital,4,233 E Girard Ave Philadelphia,, PA 19125,12158346993,,,,,,,
,Center City Veterinary Hospital,4.5,37 S 3rd St Philadelphia,, PA 19106,12159232284,,,,,,,
,Art City Vets & Urgent Care,5,2001 Hamilton St Condo Unit 1 Philadelphia,, PA 19130,12155638387,,,,,,,
,Wissahickon Creek Veterinary Hospital,4,7376 Ridge Ave Philadelphia,, PA 19128,12154839896,,,,,,,
,Companion Pet Hospital,4.5,1524 S 5th St Philadelphia,, PA 19147,12157037387,,,,,,,
,VCA Garden State Animal Hospital,4.5,628 Haddonfield Rd Cherry Hill,, NJ 08002,18566624407,,,,,,,
,Liberty Vet Pets - Veterinary Hospital & Home Visit Services,4,265 S 20th St Philadelphia,, PA 19103,18884588587,,,,,,,
,Pet Health Center,4,3365 Frankford Ave Philadelphia,, PA 19134,12157396401,,,,,,,
,Rockledge Veterinary Clinic,4.5,401 Huntingdon Pike Jenkintown,, PA 19046,12153791677,,,,,,,
,The Pet Mechanic,4.5,1416 Frankford Ave Philadelphia,, PA 19122,12675190387,,,,,,,
,Queen Village Animal Hospital,4,323 Bainbridge St Philadelphia,, PA 19147,12159255753,,,,,,,
,Rau Animal Hospital,4.5,2135 Jenkintown Rd Glenside,, PA 19038,12158840453,,,,,,,
,Haddon Vet,5,2 2nd Ave Haddon Heights,, NJ 08035,18565467387,,,,,,,
,O'neal Animal Hospital,4,4424 Market St Philadelphia,, PA 19104,12153863293,,,,,,,
,Name,,, ,Rating,,, ,Address,,, ,Phone
,West Coast Animal Hospital,4.5,5267 Linda Vista Rd San Diego,, CA 92110,16194311423,,,,,,,
,Kearny Mesa Veterinary Center,4.5,7677 Ronson Rd Ste 100 San Diego,, CA 92111,18582793000,,,,,,,
,Mission Valley Pet Clinic,4.5,4329 Twain Ave San Diego,, CA 92120,16192812934,,,,,,,
,Balboa Veterinary Hospital,4.5,7931 Balboa Ave San Diego,, CA 92111,18582790425,,,,,,,
,San Diego Bay Animal Hospital,4.5,3681 Sports Arena Blvd San Diego,, CA 92110,16194813007,,,,,,,
,CoastView Veterinary Hospital,5,3895 Clairemont Dr Ste 103 San Diego,, CA 92117,18589141934,,,,,,,
,Amici Pet Hospital of Little Italy,5,2135 Columbia St San Diego,, CA 92101,16197952400,,,,,,,
,Lindsey Veterinary Care,5,7740 Clairemont Mesa Blvd San Diego,, CA 92111,18584591516,,,,,,,
,Scripps Ranch Veterinary Hospital,4.5,9990 Scripps Ranch Blvd San Diego,, CA 92131,18585494300,,,,,,,
,Tierra Mesa Veterinary Clinic,5,9353 Clairemont Mesa Blvd Ste Q San Diego,, CA 92123,18582680044,,,,,,,
,Governor Animal Clinic,, Inc,4.5,3240 Governor Dr San Diego,, CA 92122,18584536312,,,,,
,VCA Market Street Animal Hospital,4.5,633 7th Ave San Diego,, CA 92101,16192301220,,,,,,,
,Center Veterinary Clinic,4.5,8977 Mira Mesa Blvd San Diego,, CA 92126,18582711152,,,,,,,
,MexiVet Express,5,San Diego,, CA 92116,16197824747,,,,,,,
,B Street Veterinary Hospital,4,2675 B St San Diego,, CA 92102,16192370600,,,,,,,
,Rancho San Carlos Pet Clinic,4.5,7850 Golfcrest Dr San Diego,, CA 92119,16194626820,,,,,,,
,Rancho Mesa Animal Hospital,4.5,8710 Miramar Rd San Diego,, CA 92126,18585660422,,,,,,,
,Bodhi Animal Hospital,3.5,2200 University Ave San Diego,, CA 92104,16192255838,,,,,,,
,Turquoise Animal Hospital,4.5,950 Turquoise St San Diego,, CA 92109,18584880658,,,,,,,
,Kensington Veterinary Hospital,4,3817 Adams Ave San Diego,, CA 92116,16195848418,,,,,,,
,Name,,, ,Rating,,, ,Address,,, ,Phone
,Highlands Animal Clinic,4.5,3727 W 32nd Ave Denver,, CO 80211,13034557387,,,,,,,
,Park Hill Veterinary Medical Center,4.5,2255 Oneida St Denver,, CO 80207,13033882255,,,,,,,
,5280 Veterinary Care,4.5,3100 Gilpin St Denver,, CO 80205,17207897000,,,,,,,
,Urban Vet Care,4,2815 Clay St Denver,, CO 80211,13034771984,,,,,,,
,Tender Touch Animal Hospital,4.5,350 Kalamath St Denver,, CO 80223,13037332728,,,,,,,
,The Center For Animal Wellness,4.5,1167 Santa Fe Dr Denver,, CO 80238,13035341875,,,,,,,
,Vetcare Animal Hospital,5,6611 Leetsdale Dr Denver,, CO 80224,13033299162,,,,,,,
,VCA Firehouse Animal Hospital,4,1038 E 6th Ave Ste B Denver,, CO 80218,13037332226,,,,,,,
,Denver Animal Hospital,4.5,2103 E Virginia Ave Denver,, CO 80209,13038718719,,,,,,,
,Goldsmith Veterinary Clinic,4.5,6777 E Hampden Ave Denver,, CO 80224,13037791190,,,,,,,
,Wadsworth Animal Hospital,4.5,105 S Wadsworth Blvd Lakewood,, CO 80226,13032341549,,,,,,,
,Park Animal Hospital & Wellness Center,4.5,710 E Louisiana Ave Denver,, CO 80210,13035345440,,,,,,,
,Evans East Animal Hospital,4.5,5470 E Evans Ave Denver,, CO 80222,13037577881,,,,,,,
,CityVet - Capitol Hill,4,520 E Colfax Ave Denver,, CO 80203,17202624340,,,,,,,
,Northfield Veterinary Hospital,4.5,8733 Northfield Blvd Denver,, CO 80238,17205039559,,,,,,,
,Whole Pet Wellness Veterinary Services,5,Denver,, CO 80207,17205834442,,,,,,,
,Goodheart Animal Health Center,5,389 S Broadway Denver,, CO 80209,17206472727,,,,,,,
,Belcaro Animal Hospital,4,5023 Leetsdale Dr Denver,, CO 80246,13033338800,,,,,,,
,Lakeside Animal Hospital,4.5,4243 Harlan St Wheat Ridge,, CO 80033,13039554576,,,,,,,
,Bear Valley Veterinary Care Center,4.5,2111 S Sheridan Blvd Denver,, CO 80227,13039853316,,,,,,,
,Name,,, ,Rating,,, ,Address,,, ,Phone
,Aborn Pet Clinic,4.5,3286 S White Rd San Jose,, CA 95148,14082704600,,,,,,,
,Curtner Pet Clinic & Hospital,4.5,189 Curtner Ave Ste 50 San Jose,, CA 95125,14082977387,,,,,,,
,Willow Glen Pet Hospital,4,860 Willow St Ste 500 San Jose,, CA 95125,16693427472,,,,,,,
,San Jose Animal Hospital,4.5,940 Berryessa Rd San Jose,, CA 95133,14084532524,,,,,,,
,Petcare Animal Hospital,5,700 S Winchester Blvd Ste 10 San Jose,, CA 95128,14083525095,,,,,,,
,VCA Pinnacle Animal Hospital,4.5,4724 Meridian Ave San Jose,, CA 95118,14082649400,,,,,,,
,Santa Clara Pet Hospital,4,830 Kiely Blvd Ste 107 Santa Clara,, CA 95051,14082965857,,,,,,,
,ARCHVET Animal Hospital,4.5,6207 Santa Teresa Blvd San Jose,, CA 95119,14082245700,,,,,,,
,Oakridge Veterinary Clinic,5,5440 Thornwood Dr E San Jose,, CA 95123,14084199238,,,,,,,
,Calaveras Veterinary Clinic,4.5,140 W Calaveras Blvd Milpitas,, CA 95035,14082627200,,,,,,,
,Reed Animal Hospital,4,1657 S Bascom Ave Campbell,, CA 95008,14083691788,,,,,,,
,Advanced Veterinary Medical Center,4.5,800 E Capitol Ave Milpitas,, CA 95035,14089568061,,,,,,,
,Piedmont Hills Animal Hospital,4,1265 Piedmont Rd San Jose,, CA 95132,14089296767,,,,,,,
,East Hills Veterinary Clinic,4,2745 Story Rd San Jose,, CA 95127,14082597600,,,,,,,
,Ark Veterinary Care,4.5,295 N 10th St San Jose,, CA 95112,14089566122,,,,,,,
,Evergreen Veterinary Clinic,4,1611 E Capitol Expy San Jose,, CA 95121,14082380690,,,,,,,
,Animal Medical Center,4.5,1820 Hillsdale Ave Ste 20 San Jose,, CA 95124,14082677387,,,,,,,
,Alpha Animal Hospital,4,3177 S Bascom Ave Campbell,, CA 95008,14085597700,,,,,,,
,Lincoln Avenue Veterinary Clinic,4,699 Lincoln Ave San Jose,, CA 95126,14082933448,,,,,,,
,Morgan Hill Animal Hospital,4.5,16150 Monterey St Morgan Hill,, CA 95037,14087797325,,,,,,,
,Name,,, ,Rating,,, ,Address,,, ,Phone
,Midtown Veterinary Hospital,4.5,1434 W Alabama St Houston,, TX 77006,17135284900,,,,,,,
,Garden Oaks Veterinary Clinic,4.5,3408 N Shepherd Dr Houston,, TX 77018,17136590650,,,,,,,
,Lakeside Animal Clinic,4.5,2501 S Kirkwood Houston,, TX 77077,18329750572,,,,,,,
,Memorial Veterinary Clinic,4.5,1379 S Voss Rd Ste E Houston,, TX 77057,17133040525,,,,,,,
,Westheimer Animal Clinic Bellaire,4.5,7005 Mapleridge St Bellaire,, TX 77401,17136221270,,,,,,,
,Bayou City Veterinary Hospital,4,4720 Washington Ave Ste D Houston,, TX 77007,17133439909,,,,,,,
,Village Veterinary Clinic,5,8785 Gaylord Dr Houston,, TX 77024,17134687955,,,,,,,
,Gulf Coast Veterinary Specialists,3.5,8042 Katy Fwy Houston,, TX 77024,17136931111,,,,,,,
,Tanglewilde Veterinary Clinic,4.5,2717 Rockyridge Dr Houston,, TX 77063,17137834044,,,,,,,
,My Doorstep Vet,5,Houston,, TX 77007,18324165125,,,,,,,
,Clay Road Animal Clinic,5,17711 Clay Rd Ste A Houston,, TX 77084,12815502552,,,,,,,
,Jersey Village Animal Hospital,4.5,17341 Village Green Dr Houston,, TX 77040,17134668542,,,,,,,
,Fur & Feather Veterinary Hospital,4.5,311 W Gray St Ste A Houston,, TX 77019,18327010077,,,,,,,
,Richmond Avenue Animal Hospital,4,4014 Richmond Ave Houston,, TX 77027,18322037711,,,,,,,
,PetCheck Animal Clinic,4.5,9500 Westview Dr Ste 103B Houston,, TX 77055,17137382432,,,,,,,
,Woodlake Pet Hospital,4.5,9630 Westheimer Rd Ste 400 Houston,, TX 77063,17134975699,,,,,,,
,PetCare Express,4,2501 W Holcombe Blvd Ste D Houston,, TX 77030,17135929977,,,,,,,
,Washington Heights Veterinary Clinic,4,2324 Shearn St Houston,, TX 77007,17138022366,,,,,,,
,The Village Vet,5,2507 Bissonnet St Houston,, TX 77005,17135241456,,,,,,,
,Champions Forest Animal Clinic,4.5,5211 Cypress Creek Pkwy Ste Z Houston,, TX 77069,12815869910,,,,,,,
,Name,,, ,Rating,,, ,Address,,, ,Phone
,ATX Animal Clinic,4.5,8033 Mesa Dr Austin,, TX 78731,15123384300,,,,,,,
,South Park Animal Hospital,4.5,615 W Slaughter Ln Ste 121 Austin,, TX 78748,15123861065,,,,,,,
,PAZ Veterinary East,4.5,2400 E Cesar Chavez Austin,, TX 78702,15122368000,,,,,,,
,Firehouse Animal Health Center,5,3801 N Capital Of Tx Hwy Ste F-100 Austin,, TX 78746,15127659009,,,,,,,
,Bluebonnet Animal Hospital,4.5,2414-B S Lamar Blvd Austin,, TX 78704,15124413192,,,,,,,
,Allandale Veterinary Clinic,4.5,6800 Burnet Rd Ste 1 Austin,, TX 78757,15124546719,,,,,,,
,North Austin Animal Hospital,4,5608 Burnet Rd Austin,, TX 78756,15124597676,,,,,,,
,PAZ Veterinary South,4.5,2613 S 1st St Austin,, TX 78704,15123268200,,,,,,,
,Austin Vet Hospital,4.5,4701 N I-35 Frontage Rd Austin,, TX 78722,15124769191,,,,,,,
,Doctor Bendall's Veterinary Housecall Practice,5,Austin,, TX 78723,15129019100,,,,,,,
,Compassionate Pet Vet,5,Austin,, TX 78702,15125538333,,,,,,,
,Crestview Veterinary Clinic,4.5,7415 Burnet Rd Austin,, TX 78757,15125352100,,,,,,,
,BEEVET Animal Hospital,5,11817 Bee Caves Rd Austin,, TX 78738,15122639292,,,,,,,
,VCA Arbor Animal Hospital,4.5,5114 Balcones Woods Drive Suite 312 Austin,, TX 78759,15127941040,,,,,,,
,2222 Veterinary Clinic,5,10601 Fm 2222 Ste J Austin,, TX 78730,15122762633,,,,,,,
,Love Pet Hospital,4.5,8106 Brodie Ln Ste 102 Austin,, TX 78745,15122820221,,,,,,,
,VCA Lakeline Animal Hospital,4.5,12010 Ranch Rd 620 N Austin,, TX 78750,15122581155,,,,,,,
,Austin Urban Vet Center,4.5,710 W 5th St Austin,, TX 78701,15124762882,,,,,,,
,Sunbury Veterinary Clinic,4.5,12407 N Mo Pac Expy Ste 400 Austin,, TX 78758,15122558387,,,,,,,
,Best Vet,4.5,8863 Anderson Mill Rd Ste 105 Austin,, TX 78729,15123369663,,,,,,,
,Name,,, ,Rating,,, ,Address,,, ,Phone
,Ocean Avenue Veterinary Hospital,4,1001 Ocean Ave San Francisco,, CA 94112,14155865327,,,,,,,
,The Castro Animal Hospital,5,100 Church St Ste B San Francisco,, CA 94114,14156587745,,,,,,,
,Irving Pet Hospital,4.5,1434 Irving St San Francisco,, CA 94122,14156640191,,,,,,,
,San Francisco Pet Hospital,4.5,1371 Fulton St San Francisco,, CA 94117,14159318312,,,,,,,
,Urban Pet Hospital,4,2308 Lombard St San Francisco,, CA 94123,14154005754,,,,,,,
MedranoVets 5.0 ,San Francisco,, CA 94114,14155068387,,,,,,,,,
,Arguello Pet Hospital,4.5,530 Arguello Blvd San Francisco,, CA 94118,14157513242,,,,,,,
,Animal Farm Pet Hospital,4.5,5601 Mission St San Francisco,, CA 94112,14153330813,,,,,,,
,Mission Pet Hospital,4,720 Valencia St San Francisco,, CA 94110,14155521969,,,,,,,
,Park Animal Hospital,4,1207 9th Ave San Francisco,, CA 94122,14157538485,,,,,,,
,Healthy Pets Veterinary Hospital,4.5,373 W Portal Ave San Francisco,, CA 94127,14157425961,,,,,,,
,Robert Trimble,, DVM,5,San Francisco,, CA 94107, ,,,,,
,Blue Cross Pet Hospital,4.5,1386 Golden Gate Ave San Francisco,, CA 94115,14159315550,,,,,,,
,Sunset Veterinary Hospital,4,3741 Noriega St San Francisco,, CA 94122,14157532884,,,,,,,
,VCA All Pets Hospital,4,269 S Van Ness Ave San Francisco,, CA 94103,14158615725,,,,,,,
,Avenues Pet Hospital,4,2221 Taraval St San Francisco,, CA 94116,14156814313,,,,,,,
,Presidio Way Veterinary Hospital,4,3619 California St San Francisco,, CA 94118,14153876752,,,,,,,
,Bay Area Veterinary Housecall Associates,5,491 27th Ave San Francisco,, CA 94121,14159634189,,,,,,,
,San Francisco Veterinary Housecalls,4.5,1819 Polk St Ste 377 San Francisco,, CA 94109,14159317384,,,,,,,
,Balboa Pet Hospital,4,3329 Balboa St San Francisco,, CA 94121,14157523300,,,,,,,
,Name,,, ,Rating,,, ,Address,,, ,Phone
,Urban Animal- Capitol Hill,4.5,909 E Thomas St Seattle,, WA 98102,12063295337,,,,,,,
,Roosevelt Station Vet Care,5,6800 Roosevelt Way NE Seattle,, WA 98115,12064204262,,,,,,,
,Lake Union Veterinary Clinic,4.5,1222 Republican St Seattle,, WA 98109,12064675882,,,,,,,
,Aurora Veterinary Hospital,4.5,8821 Aurora Ave N Seattle,, WA 98103,12065256666,,,,,,,
,Phinney Ridge Animal Hospital,4.5,8205 Greenwood Ave N Seattle,, WA 98103,12067849200,,,,,,,
,Urban Animal- Downtown,4,2200 6th Ave Ste 110 Seattle,, WA 98121,12063195477,,,,,,,
,West Seattle Animal Hospital,4,4700 42nd Ave SW Ste 210 Seattle,, WA 98116,12069323308,,,,,,,
,Columbia City Veterinary Hospital,4.5,3810 S Ferdinand St Seattle,, WA 98118,12065574749,,,,,,,
,Eastlake Veterinary Hospital,4.5,1536 Eastlake Ave E Seattle,, WA 98102,12063282675,,,,,,,
,Rainier Veterinary Hospital,4,815 Rainier Ave S Seattle,, WA 98144,12063244144,,,,,,,
,Cascade Heights Veterinary Center,4.5,9832 15th Ave SW Seattle,, WA 98106,12064031108,,,,,,,
,Elliott Bay Animal Hospital,4,2042 15th Ave W Seattle,, WA 98119,12062857387,,,,,,,
,Queen Anne Animal Clinic,4,1800 Queen Anne Ave N Seattle,, WA 98109,12062842148,,,,,,,
,North Seattle Veterinary Clinic,4.5,11032 8th Ave NE Seattle,, WA 98125,12065237187,,,,,,,
,Maple Leaf Pet Corner,4.5,8300 Lake City Way NE Seattle,, WA 98115,12065228335,,,,,,,
,Northwest Veterinary Hospital,4,4922 Stone Way N Seattle,, WA 98103,12065454255,,,,,,,
,Caring Pet Clinic,4,706 NE 45th St Seattle,, WA 98105,12062570504,,,,,,,
,Maple Leaf Veterinary Care Center,4.5,8626 Roosevelt Way NE Seattle,, WA 98115,12065242020,,,,,,,
,Pet Care Center,4.5,2950 SW Avalon Way Seattle,, WA 98126,12069353600,,,,,,,
,Northeast Veterinary Hospital,4,9505 35th Ave NE Seattle,, WA 98115,12065231900,,,,,,,
,Name,,, ,Rating,,, ,Address,,, ,Phone
,East Orange Animal Hospital,4.5,152 Central Ave East Orange,, NJ 07018,19736767799,,,,,,,
,Newark Vet Hospital,2.5,98 Wilson Ave Newark,, NJ 07105,19739556040,,,,,,,
,Ridge Road Animal Hospital,4.5,44 Ridge Rd North Arlington,, NJ 07031,12019556161,,,,,,,
,Banfield Pet Hospital,4,190 County Ave Secaucus,, NJ 07094,12018674795,,,,,,,
,Essex Animal Hospital,4,709 Bloomfield Ave Bloomfield,, NJ 07003,19733580535,,,,,,,
,People For Animals,4,401 Hillside Ave Hillside,, NJ 07205,19732820890,,,,,,,
,South Orange Animal Hospital,4,66 Valley St South Orange,, NJ 07079,19737632600,,,,,,,
,West Orange Animal Hospital,4,360 Northfield Ave West Orange,, NJ 07052,19737311222,,,,,,,
,Arlington Dog & Cat Hospital,3.5,857 Passaic Ave Kearny,, NJ 07032,12019913664,,,,,,,
,Animal Clinic & Hospital of Jersey City,3.5,603 W Side Ave Jersey City,, NJ 07304,12014310057,,,,,,,
,Bloomfield Animal Clinic,3.5,245 Bloomfield Ave Bloomfield,, NJ 07003,19737480070,,,,,,,
,Happy Paws House Calls,3.5,Parsippany-Troy Hills,, NJ 07054,18622857799,,,,,,,
,Animal Clinic of Bayonne,3.5,926 Broadway Bayonne,, NJ 07002,12014376666,,,,,,,
,VIP Animal Hospital,4.5,444 N Broad St Elizabeth,, NJ 07208,19082897387,,,,,,,
,Bayonne Veterinary Medical Building,4,256 Broadway Bayonne,, NJ 07002,12014370100,,,,,,,
,Roselle Park Animal Hospital,4.5,422 E Westfield Ave Roselle Park,, NJ 07204,19082450233,,,,,,,
,Bully Zone Pet Supplies & Pet Grooming,3.5,1409 McCarter Hwy Newark,, NJ 07104,19737329002,,,,,,,
,Village Animal Clinic,4.5,465 Chestnut St Union,, NJ 07083,19082587963,,,,,,,
,Bayonne Animal Hospital,2.5,1170 Kennedy Blvd Bayonne,, NJ 07002,12013390121,,,,,,,
,4 Paws Veterinary Services,4.5,Roselle Park,, NJ 07204,19088683985,,,,,,,
,Name,,, ,Rating,,, ,Address,,, ,Phone
,Boston Veterinary Clinic,4,363 Tremont St Boston,, MA 02116,18573628672,,,,,,,
,Boston Veterinary Care,4.5,10 Chandler St Animal Rescue League of Boston Boston,, MA 02116,16172265605,,,,,,,
,Huron Veterinary Hospital,4.5,70 Beacon St Somerville,, MA 02143,16176619553,,,,,,,
,Back Bay Veterinary Clinic,4.5,288 Newbury St Fl 2 Boston,, MA 02115,16172472273,,,,,,,
,South Boston Animal Hospital,4,9 West Broadway South Boston,, MA 02127,16172690610,,,,,,,
,Boston Veterinary Clinic,4.5,310 Harvard St Brookline,, MA 02446,18573027994,,,,,,,
,Boston Animal Hospital,5,274 Southampton St Boston,, MA 02118,16174272210,,,,,,,
,South Bay Veterinary Group,4,587 Tremont St Boston,, MA 02118,16172666619,,,,,,,
,MSPCA Angell,3.5,350 S Huntington Ave Boston,, MA 02130,16175227400,,,,,,,
,The Pet's Vet North End,5,225 Friend St Boston,, MA 02114,16175884022,,,,,,,
,VCA Brookline Animal Hospital,3.5,678 Brookline Ave Brookline,, MA 02445,16172772030,,,,,,,
,Charles St Animal Clinic,4.5,158 Charles St Boston,, MA 02114,16172270153,,,,,,,
,Winter Hill Veterinary Clinic,4.5,257 Broadway Somerville,, MA 02145,16176235075,,,,,,,
,Merwin Memorial Free Clinic For Animals,4.5,542 Cambridge St Allston,, MA 02134,16177825420,,,,,,,
,Porter Square Veterinarian,4,360 Summer St Somerville,, MA 02143,16176285588,,,,,,,
,Hancock Animal Hospital,4,55 Hancock St Quincy,, MA 02171,16177730008,,,,,,,
,Jamaica Plain Animal Clinic,4,10A Green St Jamaica Plain,, MA 02130,16175247300,,,,,,,
,Charlestown Veterinary Hospital,3.5,24 Roland St Charlestown,, MA 02129,16176250090,,,,,,,
,Heal Veterinary Clinic,5,150 Belmont St Watertown,, MA 02472,16179325166,,,,,,,
,Name,,, ,Rating,,, ,Address,,, ,Phone
,Central Animal Hospital,4.5,4020 E Speedway Blvd Tucson,, AZ 85712,15203239912,,,,,,,
,University Pet Clinic,4,1506 N Tucson Blvd Tucson,, AZ 85716,15207957016,,,,,,,
,Encanto Pet Clinic,4.5,4340 E Broadway Blvd Tucson,, AZ 85711,15208813221,,,,,,,
,PAWS Veterinary Center,4,300 E River Rd Tucson,, AZ 85704,15208887297,,,,,,,
,Mission Pet Clinic,5,1736 W Ajo Way Tucson,, AZ 85713,15208895751,,,,,,,
,VCA Animal Health Hospital,4.5,2560 S Harrison Rd Tucson,, AZ 85748,15208852364,,,,,,,
,Speedway Veterinary Hospital,4.5,3736 E Speedway Blvd Tucson,, AZ 85716,15203214235,,,,,,,
,Pet Doctor,4,6464 N Oracle Rd Tucson,, AZ 85704,15208295166,,,,,,,
,Sabino Veterinary Care,4.5,4910 N Sabino Canyon Rd Tucson,, AZ 85750,15205479320,,,,,,,
,Desert Hills Pet Clinic,5,5016 N Oracle Rd Tucson,, AZ 85704,15202938788,,,,,,,
,Jackpot Veterinary Center,4.5,6745 N La Cañada Dr Tucson,, AZ 85704,15209993888,,,,,,,
,Catalina Pet Hospital,4.5,3925 E Fort Lowell Rd Ste 107 Tucson,, AZ 85712,15207954612,,,,,,,
,Pantano Animal Clinic,4,8333 22nd E St Tucson,, AZ 85710,15208853594,,,,,,,
,Sahuaro Vista Veterinary Clinic,4.5,333 W Cool Dr Tucson,, AZ 85704,15202973313,,,,,,,
,Rolling Hills Pet Clinic,4.5,7010 E Golf Links Rd. Tucson,, AZ 85730,15207904871,,,,,,,
,Rita Ranch Pet Hospital,4.5,8130 S Houghton Rd Ste 110 Tucson,, AZ 85747,15206246100,,,,,,,
,Desert Paws Mobile Veterinary Care,5,1106 N El Dorado Pl Tucson,, AZ 85715,15208332134,,,,,,,
,Briarcrest Veterinary Care Center,4.5,7313 E Tanque Verde Rd Tucson,, AZ 85715,15202984123,,,,,,,
,St. Marys Animal Clinic,3.5,1010 W Saint Marys Rd Tucson,, AZ 85745,15206238439,,,,,,,
,Veterinary House Calls,5,1541 E Linden St Tucson,, AZ 85719,15205707921,,,,,,,
,Name,,, ,Rating,,, ,Address,,, ,Phone
,VCA Welborn Animal Hospital,4.5,7860 Washington Ave Kansas City,, KS 66112,19133346770,,,,,,,
,Coronado Animal Hospital,4.5,5600 State Ave Kansas City,, KS 66102,19132876777,,,,,,,
,Piper Heritage Veterinary Clinic,4.5,10041 Leavenworth Rd Kansas City,, KS 66109,19132990010,,,,,,,
,Mill Creek Animal Hospital,5,13428 W 62nd Ter Shawnee,, KS 66216,19132680900,,,,,,,
,Bethel Animal Hospital & Kennel,4,7100 Leavenworth Rd Kansas City,, KS 66109,19133342792,,,,,,,
,Turner Animal Hospital,4,842 S 55th St Kansas City,, KS 66106,19132870055,,,,,,,
,Union Hill Animal Hospital,4.5,3025 Main St Kansas City,, MO 64108,18169314930,,,,,,,
,Westwood Animal Hospital,5,4820 Rainbow Blvd Westwood,, KS 66205,19133622512,,,,,,,
,Sunflower Animal Hospital,5,6320 Monrovia St Shawnee,, KS 66216,19136313545,,,,,,,
,Family Pet Hospital,5,12031 Johnson Dr Shawnee,, KS 66216,19132488866,,,,,,,
,Eagle Animal Hospital,4,4825 NW Gateway Ave Riverside,, MO 64150,18167412345,,,,,,,
,Taylor Animal Hospital of Parkville,4.5,6300 N State Route 9 Parkville,, MO 64152,18167418338,,,,,,,
,Dearborn Animal Clinic,4.5,6100 Johnson Dr Mission,, KS 66202,19137222800,,,,,,,
,VCA Fairway Animal Hospital,4,6000 Mission Rd Fairway,, KS 66205,19134327611,,,,,,,
,Wolf Creek Veterinary Clinic,5,14370 Parallel St Basehor,, KS 66007,19137241919,,,,,,,
,Plaza Animal Clinic,4.5,5002 Main St Kansas City,, MO 64112,18169316636,,,,,,,
,Roeland Park Veterinary Center,5,5162 Roe Ave Roeland Park,, KS 66205,19134322050,,,,,,,
,Mission Animal Clinic,4,5915 Broadmoor St Mission,, KS 66202,19134323341,,,,,,,
,FMA Animal Hospital,4,4755 Rainbow Blvd Westwood,, KS 66205,19132621600,,,,,,,
,Tomahawk Animal Hospital,5,6301 W 75th St Overland Park,, KS 66204,19133411030,,,,,,,
,Name,,, ,Rating,,, ,Address,,, ,Phone
,Sunset Animal Clinic,4.5,8776 SW 72nd St Miami,, FL 33173,13052714011,,,,,,,
,Silver Bluff Animal Clinic,4.5,2515 SW 27th Ave Miami,, FL 33133,13058597979,,,,,,,
,Brickell Bay Animal Hospital,4.5,940 Brickell Bay Dr Miami,, FL 33131,17862311111,,,,,,,
,Ponce De Leon Animal Clinic,4.5,4561 Ponce De Leon Blvd Coral Gables,, FL 33146,13056666813,,,,,,,
,Links Of Love Veterinary Clinic,5,13033 SW 112th St Miami,, FL 33186,13053383620,,,,,,,
,Carballo Animal Clinic,4.5,8468 SW 8th St Miami,, FL 33144,13055529121,,,,,,,
,South Miami Animal Clinic,4.5,6100 S Dixie Hwy South Miami,, FL 33143,13056677238,,,,,,,
,South Kendall Animal Hospital,4.5,9501 SW 160th St Miami,, FL 33157,13052382030,,,,,,,
,West Kendall Animal Hospital,4,14732 N Kendall Dr Miami,, FL 33196,13053850404,,,,,,,
,Trail Animal Hospital,4.5,6464 SW 8th St Miami,, FL 33144,13052610793,,,,,,,
,Paws and Claws Medical Center,4,3858 SW 137th Ave Miami,, FL 33175,17863619344,,,,,,,
,Wags Animal Hospital,5,691 Brickell Key Dr Miami,, FL 33131,13056039697,,,,,,,
,Coconut Grove Animal Clinic,4,3200 Grand Ave Miami,, FL 33133,13054482123,,,,,,,
,Edgewater Pet Clinic,4,162 NE 25th St Ste 102 Miami,, FL 33137,13056979848,,,,,,,
,Red Bird Animal Clinic,4,5753 Bird Rd Miami,, FL 33155,13056616466,,,,,,,
,VCA Brickell Animal Hospital,3.5,130 SW 8th St Miami,, FL 33130,17862357387,,,,,,,
,Good Care Animal Clinic,4.5,9837 SW 40th St Miami,, FL 33165,13052200103,,,,,,,
,Premium Vet Care,5,Miami,, FL 33101,17549002030,,,,,,,
,Vet to Pet Animal Clinic,4.5,4878 NW 7th St Miami,, FL 33126,13057749197,,,,,,,
,Yao Animal Hospital,4,7481 Biscayne Blvd Miami,, FL 33138,17862454500,,,,,,,
,Name,,, ,Rating,,, ,Address,,, ,Phone
,Lyndale Animal Hospital,4.5,2544 Lyndale Ave S Minneapolis,, MN 55405,16128724674,,,,,,,
,MetroPet Animal Hospital,5,2603 Hennepin Ave Minneapolis,, MN 55408,16123744414,,,,,,,
,Modern Love Veterinary,5,213 N 5th Ave Minneapolis,, MN 55401,16123614200,,,,,,,
,St. Paul Pet Hospital,5,377 Dayton Ave Saint Paul,, MN 55102,16517896275,,,,,,,
,Vet Partners Pet Hospital - Minneapolis,4.5,1030 Washington Ave S Minneapolis,, MN 55415,16127460300,,,,,,,
,Nokomis Pet Clinic,4.5,2917 E 42nd St Minneapolis,, MN 55406,16127674546,,,,,,,
,Westgate Pet Clinic,4,4345 France Ave S Minneapolis,, MN 55410,16129251121,,,,,,,
,Kenwood Pet Clinic,4,2107 Penn Ave S Minneapolis,, MN 55405,16123775551,,,,,,,
,Vet Partners Pet Hospital,4.5,7101 France Ave S Ste 117 Edina,, MN 55435,19529209922,,,,,,,
,Shady Oak Veterinary Clinic,4,10015 Minnetonka Blvd Minnetonka,, MN 55305,19529381926,,,,,,,
,Pet Doctors Animal Clinic,5,25 E Franklin Ave Minneapolis,, MN 55404,16126070044,,,,,,,
,Grand Avenue Veterinary Center,5,1140 Grand Ave Saint Paul,, MN 55105,16512243038,,,,,,,
,Woodlake Veterinary Hospital,4.5,6436 Lyndale Ave S Richfield,, MN 55423,16128617461,,,,,,,
,Uptown Veterinarian,3.5,3131 Hennepin Ave Minneapolis,, MN 55408,16128256859,,,,,,,
,Lake Harriet Veterinary,4,4249 Bryant Ave S Minneapolis,, MN 55409,16128221545,,,,,,,
,Bass Lake Pet Hospital,4.5,8119 Bass Lake Rd Minneapolis,, MN 55428,17635354250,,,,,,,
,Heritage Animal Hospital,5,12624 Bass Lake Rd Maple Grove,, MN 55369,17635597387,,,,,,,
,All Paws Animal Hospital,4,5225 Excelsior Blvd Minneapolis,, MN 55416,19528480913,,,,,,,
,Pet Central Animal Hospital,3,2700 Central Ave NE Minneapolis,, MN 55418,16127816941,,,,,,,
,East Lake Animal Clinic,4.5,4104 E Lake St Minneapolis,, MN 55406,16127292374,,,,,,,
